Site,Residue,alpha,beta,omega,alpha=beta,LRT,p-value,Total branch length,domain
1,M,10000,0,0,0,7.511,0.006,6483.286,signal
2,C,1.065,1.112,1.044,1.095,0.003,0.956,2.74,signal
3,R,1.387,2.664,1.922,1.861,1.488,0.222,5.809,signal
4,A,0.33,0.391,1.184,0.352,0.033,0.857,0.935,signal
5,I,0.669,1.424,2.127,0.986,0.887,0.346,3.058,signal
6,S,0.303,0.358,1.183,0.328,0.028,0.868,0.856,signal
7,L,2.834,0.574,0.203,1.458,6.286,0.012,2.896,signal
8,R,0.426,0.974,2.289,0.722,0.985,0.321,2.072,signal
9,R,1.806,0.742,0.411,0.982,1.09,0.297,2.538,signal
10,L,1.454,0,0,0.873,7.365,0.007,0.943,signal
11,L,0,0,NaN,0,0,1,0,signal
12,L,0.627,0.672,1.072,0.649,0.007,0.934,1.645,signal
13,L,0.527,0,0,0.356,2.997,0.083,0.342,signal
14,L,0.972,0.954,0.981,0.963,0.001,0.979,2.388,signal
15,L,0.257,0.292,1.136,0.268,0.01,0.919,0.705,signal
16,Q,1.445,0.204,0.141,0.767,4.515,0.034,1.313,signal
17,L,1.051,0.296,0.282,0.788,1.765,0.184,1.227,signal
18,S,1.145,0.561,0.49,0.846,0.995,0.319,1.776,signal
19,Q,2.191,0.745,0.34,1.447,2.494,0.114,2.794,signal
20,L,1.077,0.667,0.619,0.871,0.41,0.522,1.927,signal
21,L,0.866,0.377,0.435,0.673,1.187,0.276,1.255,signal
22,A,2.513,0.364,0.145,1.408,8.81,0.003,2.299,signal
23,V,0.501,0.43,0.857,0.463,0.024,0.878,1.117,signal
24,T,0.781,0.347,0.443,0.576,0.998,0.318,1.145,signal
25,Q,2.227,0.444,0.199,0.993,3.618,0.057,2.262,signal
26,G,0.751,0,0,0.444,6.134,0.013,0.487,signal
27,K,1.57,0.364,0.232,0.795,3.152,0.076,1.688,d1
28,T,1.291,1.224,0.948,1.257,0.008,0.93,3.092,d1
29,L,0.573,0.215,0.374,0.37,0.682,0.409,0.767,d1
30,V,1.074,0.502,0.467,0.753,0.698,0.403,1.621,d1
31,L,0.329,0.437,1.329,0.365,0.054,0.816,1.018,d1
32,G,1.207,0.176,0.146,0.647,4.396,0.036,1.107,d1
33,K,1.573,0.347,0.221,0.822,3.669,0.055,1.66,d1
34,E,0.531,0.714,1.345,0.608,0.139,0.709,1.66,d1
35,G,0.748,0,0,0.351,5.68,0.017,0.485,d1
36,E,3.379,1.313,0.389,1.83,1.823,0.177,4.61,d1
37,S,1.6,0.672,0.42,1.124,1.533,0.216,2.276,d1
38,A,1.876,0.645,0.344,1.234,2.468,0.116,2.406,d1
39,E,3.937,0,0,0.882,16.817,0,2.552,d1
40,L,0.263,0,0,0.178,1.523,0.217,0.171,d1
41,P,0.756,0.524,0.694,0.635,0.221,0.638,1.456,d1
42,C,1.759,0,0,0.37,9.055,0.003,1.14,d1
43,E,1.228,1.62,1.319,1.432,0.22,0.639,3.782,d1
44,S,0.821,0.777,0.946,0.801,0.006,0.936,1.964,d1
45,S,1.776,0.38,0.214,1.001,4.432,0.035,1.851,d1
46,Q,0,1.541,Infinity,0.934,5.903,0.015,2.84,d1
47,K,1.229,1.029,0.838,1.103,0.052,0.82,2.694,d1
48,K,0.712,1.985,2.787,1.5,1.522,0.217,4.12,d1
49,I,2.4,1.963,0.818,2.074,0.084,0.772,5.174,d1
50,T,1.818,2.668,1.467,2.357,0.281,0.596,6.096,d1
51,V,0.639,2.136,3.343,1.313,2.435,0.119,4.35,d1
52,F,0.849,0,0,0.238,4.939,0.026,0.551,d1
53,T,1.105,2.214,2.004,1.77,1.007,0.316,4.796,d1
54,W,0,0,NaN,0,0,1,0,d1
55,K,0.633,0,0,0.291,4.893,0.027,0.41,d1
56,F,1.313,1.731,1.318,1.547,0.17,0.68,4.04,d1
57,S,1.266,1.04,0.821,1.157,0.102,0.75,2.738,d1
58,D,2.695,0.555,0.206,1.011,3.802,0.051,2.769,d1
59,Q,2.606,1.466,0.563,1.76,0.551,0.458,4.391,d1
60,R,1.16,1.651,1.424,1.426,0.281,0.596,3.795,d1
61,K,0.755,0.794,1.052,0.786,0.002,0.965,1.953,d1
62,I,0.564,0,0,0.243,4.122,0.042,0.366,d1
63,L,0.59,0,0,0.338,3.07,0.08,0.383,d1
64,G,1.267,0.394,0.311,0.847,2.386,0.122,1.547,d1
65,Q,1.38,2.622,1.9,2.034,1.083,0.298,5.726,d1
66,H,1.364,0.789,0.578,0.958,0.301,0.584,2.338,d1
67,G,1.08,1.301,1.205,1.215,0.074,0.786,3.098,d1
68,K,0.664,0.587,0.884,0.623,0.02,0.888,1.511,d1
69,G,3.249,0.715,0.22,1.246,0.706,0.401,3.424,d1
70,V,0,7.951,Infinity,6.484,0.581,0.446,14.653,d1
71,L,1.49,0.395,0.265,0.708,1.983,0.159,1.694,d1
72,I,2.582,3.924,1.52,3.329,0.309,0.578,8.906,d1
73,R,0.708,1.754,2.478,1.268,1.429,0.232,3.691,d1
74,G,0,1.759,Infinity,0.654,11.364,0.001,3.241,d1
75,G,0.999,0.379,0.38,0.711,1.544,0.214,1.346,d1
76,S,1.536,2.569,1.672,2.018,0.846,0.358,5.73,d1
77,P,1.205,1.319,1.095,1.261,0.022,0.882,3.212,d1
78,S,1.474,2.007,1.362,1.836,0.147,0.702,4.655,d1
79,Q,0.575,1.348,2.346,0.826,1.291,0.256,2.857,d1
80,F,0.606,3.935,6.488,2.14,8.787,0.003,7.645,d1
81,D,1.337,1.475,1.103,1.417,0.021,0.884,3.585,d1
82,R,1.94,0,0,0.901,14.168,0,1.258,d1
83,F,2.398,1.805,0.752,2.119,0.307,0.579,4.881,d1
84,D,1.184,0.342,0.289,0.651,2.051,0.152,1.399,d1
85,S,1.428,0,0,0.792,9.555,0.002,0.926,d1
86,K,0.572,1.04,1.819,0.773,0.723,0.395,2.287,d1
87,K,0.301,0.512,1.703,0.404,0.324,0.569,1.138,d1
88,G,2.143,1.931,0.901,2.013,0.028,0.867,4.948,d1
89,A,1.209,1.071,0.886,1.151,0.032,0.859,2.757,d1
90,W,0,0,NaN,0,0,1,0,d1
91,E,4.172,0.166,0.04,0.923,12.441,0,3.011,d1
92,K,0.279,1.181,4.228,0.65,2.515,0.113,2.357,d1
93,G,0.472,0.187,0.396,0.361,0.792,0.374,0.65,d1
94,S,0.97,1.011,1.042,0.992,0.004,0.952,2.492,d1
95,F,0.706,0,0,0.3,5.014,0.025,0.458,d1
96,P,0.716,0.173,0.241,0.446,2.029,0.154,0.783,d1
97,L,0.134,0.251,1.869,0.176,0.19,0.663,0.55,d1
98,I,0.257,0.56,2.178,0.434,0.483,0.487,1.198,d1
99,I,0,0,NaN,0,0,1,0,d1
100,N,0,0.565,Infinity,0.357,1.36,0.244,1.041,d1
101,K,1.438,0.172,0.12,0.641,4.966,0.026,1.25,d1
102,L,0.62,0,0,0.354,4.399,0.036,0.402,d1
103,K,1.331,0.59,0.443,0.853,0.981,0.322,1.95,d1
104,M,0.817,0.937,1.147,0.895,0.025,0.874,2.256,d1
105,E,0.844,0.633,0.75,0.757,0.16,0.689,1.714,d1
106,D,0,0,NaN,0,0,1,0,d1
107,S,1.549,0,0,0.882,10.347,0.001,1.004,d1
108,Q,0.556,2.264,4.073,1.475,3.657,0.056,4.532,d1
109,T,0.833,0.631,0.757,0.731,0.123,0.726,1.703,d1
110,Y,2.943,0,0,0.76,12.703,0,1.908,d1
111,I,0.288,0.178,0.62,0.22,0.11,0.74,0.515,d1
112,C,1.442,0,0,0.504,10.06,0.002,0.935,d1
113,E,0.904,0,0,0.396,6.468,0.011,0.586,d1
114,L,1.223,0.444,0.363,0.81,1.513,0.219,1.611,d1
115,E,14.827,0.792,0.053,1.978,12.323,0,11.073,d1
116,N,0.831,0.96,1.155,0.922,0.027,0.871,2.308,d1
117,R,1.889,0.78,0.413,1.08,1.222,0.269,2.662,d1
118,K,1.151,0.562,0.489,0.74,0.636,0.425,1.782,d1
119,E,1.564,1.781,1.139,1.666,0.042,0.838,4.297,d1
120,E,3.711,0.613,0.165,1.372,5.72,0.017,3.536,d1
121,V,0.837,0,0,0.383,5.265,0.022,0.543,d1
122,E,1.142,0.18,0.158,0.625,3.832,0.05,1.072,d1
123,L,3.219,0,0,1.747,14.446,0,2.087,d1
124,W,0.628,1.24,1.973,0.883,0.69,0.406,2.692,d1
125,V,0.458,0,0,0.215,2.938,0.087,0.297,d1
126,F,0.983,0,0,0.245,5.293,0.021,0.637,d1
127,K,0.213,1.263,5.925,0.607,3.737,0.053,2.466,d1
128,V,1.59,0.551,0.347,1.109,1.791,0.181,2.046,d1
129,T,0.679,0.166,0.244,0.422,1.955,0.162,0.746,d2
130,F,0.184,0.618,3.352,0.389,1.236,0.266,1.259,d2
131,S,3.33,0.853,0.256,1.386,3.892,0.049,3.731,d2
132,P,3.94,0.387,0.098,1.482,10.396,0.001,3.268,d2
133,G,1.853,0.752,0.406,1.137,1.687,0.194,2.586,d2
134,T,1.166,0.343,0.294,0.689,2.249,0.134,1.388,d2
135,S,0.218,0.901,4.141,0.606,1.989,0.158,1.802,d2
136,L,0.536,0.29,0.541,0.439,0.298,0.585,0.881,d2
137,L,0.63,0.276,0.439,0.499,0.606,0.436,0.917,d2
138,Q,1.316,0.698,0.53,0.928,0.59,0.442,2.139,d2
139,G,1.44,0,0,0.593,9.992,0.002,0.934,d2
140,Q,1.104,0,0,0.3,4.76,0.029,0.716,d2
141,S,2.111,0.481,0.228,0.842,3.246,0.072,2.255,d2
142,L,0.451,0,0,0.293,2.502,0.114,0.292,d2
143,T,0.583,0.339,0.582,0.453,0.348,0.555,1.004,d2
144,L,0.807,0,0,0.538,4.612,0.032,0.523,d2
145,T,1.487,1.002,0.673,1.235,0.417,0.518,2.81,d2
146,L,0.541,0.293,0.542,0.447,0.303,0.582,0.891,d2
147,D,0.845,0.18,0.213,0.372,1.615,0.204,0.88,d2
148,S,1.676,0.456,0.272,0.766,2.564,0.109,1.926,d2
149,N,1.121,0.535,0.478,0.793,0.972,0.324,1.713,d2
150,S,0.562,3.27,5.821,1.476,7.178,0.007,6.389,d2
151,K,1.02,2.338,2.292,1.634,2.102,0.147,4.97,d2
152,V,0.592,0,0,0.413,0.702,0.402,0.384,d2
153,S,1.065,1.311,1.231,1.196,0.109,0.742,3.107,d2
154,N,0,1.12,Infinity,0.827,3.367,0.067,2.065,d2
155,P,0.697,0.355,0.509,0.527,0.617,0.432,1.106,d2
156,L,1.492,0.972,0.651,1.289,0.505,0.477,2.758,d2
157,T,0.982,1.012,1.031,0.999,0.002,0.966,2.501,d2
158,E,0.721,0.953,1.321,0.823,0.137,0.711,2.223,d2
159,C,1.525,0.493,0.323,0.615,0.616,0.432,1.897,d2
160,K,2.17,0.836,0.385,1.379,2.054,0.152,2.947,d2
161,H,0.493,1.487,3.018,0.928,2.588,0.108,3.061,d2
162,K,0.44,0.355,0.805,0.408,0.063,0.802,0.939,d2
163,K,0.975,1.904,1.953,1.479,1.054,0.305,4.14,d2
164,G,0.638,1.442,2.259,1.045,1.284,0.257,3.071,d2
165,K,0,1.209,Infinity,0.517,10.009,0.002,2.229,d2
166,V,0.957,2.059,2.153,1.536,1.082,0.298,4.416,d2
167,V,1.163,0.96,0.825,1.038,0.046,0.83,2.522,d2
168,S,1.101,2.255,2.048,1.815,0.891,0.345,4.869,d2
169,G,1.74,0.782,0.45,1.047,1.011,0.315,2.57,d2
170,S,0.832,1.72,2.068,1.306,0.827,0.363,3.709,d2
171,K,1.407,1.691,1.202,1.592,0.07,0.792,4.028,d2
172,V,1.499,3.177,2.119,2.378,1.523,0.217,6.827,d2
173,L,0.721,1.411,1.957,1.071,0.859,0.354,3.067,d2
174,S,1.838,1.054,0.574,1.503,0.825,0.364,3.135,d2
175,M,0.415,0.85,2.046,0.624,0.703,0.402,1.836,d2
176,S,0.859,0.76,0.885,0.807,0.028,0.868,1.957,d2
177,N,0.657,2.049,3.119,1.516,1.284,0.257,4.202,d2
178,L,0.47,0.844,1.794,0.607,0.478,0.489,1.86,d2
179,R,0.271,0.831,3.062,0.597,1.135,0.287,1.708,d2
180,V,1.306,1.496,1.145,1.399,0.04,0.841,3.603,d2
181,Q,0.888,0,0,0.293,4.373,0.037,0.576,d2
182,D,1.724,0.513,0.298,0.778,1.815,0.178,2.063,d2
183,S,3.811,0.146,0.038,1.149,17.559,0,2.739,d2
184,D,1.444,0.176,0.122,0.755,5.743,0.017,1.261,d2
185,F,0.467,1.26,2.698,0.872,1.59,0.207,2.626,d2
186,W,0,0,NaN,0,0,1,0,d2
187,N,1.18,0.976,0.827,1.085,0.094,0.759,2.563,d2
188,C,1.723,0,0,0.371,9.038,0.003,1.117,d2
189,T,1.941,0.522,0.269,1.153,4.155,0.042,2.22,d2
190,V,0.381,0.702,1.842,0.526,0.435,0.509,1.541,d2
191,T,0.613,0.579,0.945,0.596,0.004,0.947,1.465,d2
192,L,0,1.469,Infinity,0.834,5.415,0.02,2.707,d2
193,D,0.78,0.698,0.895,0.722,0.014,0.905,1.791,d2
194,Q,1.001,0.952,0.951,0.966,0.002,0.961,2.404,d2
195,K,1.101,1.472,1.337,1.349,0.136,0.712,3.425,d2
196,K,1.431,2.22,1.552,1.797,0.629,0.428,5.019,d2
197,N,0.911,1.976,2.168,1.361,1.292,0.256,4.232,d2
198,W,1.742,3.47,1.992,2.438,0.808,0.369,7.524,d2
199,F,2.707,0.591,0.218,1.236,4.447,0.035,2.845,d2
200,G,1.096,0.974,0.888,1.007,0.019,0.891,2.505,d2
201,M,1.909,0.324,0.17,0.817,4.478,0.034,1.835,d2
202,T,0.442,2.369,5.363,1.692,3.328,0.068,4.652,d2
203,L,0,0.181,Infinity,0.105,1.079,0.299,0.333,d2
204,S,1.14,1.505,1.32,1.276,0.191,0.662,3.512,d2
205,V,0.193,0,0,0.1,1.317,0.251,0.125,d2
206,L,0.921,0.28,0.304,0.693,1.504,0.22,1.114,d2
207,G,0.628,0.351,0.56,0.498,0.456,0.499,1.055,d2
208,F,0.917,0,0,0.244,5.059,0.024,0.595,d3
209,Q,0.66,0.99,1.5,0.856,0.198,0.656,2.252,d3
210,S,0.966,0.565,0.584,0.666,0.279,0.597,1.667,d3
211,T,0.965,0.536,0.555,0.742,0.63,0.427,1.612,d3
212,A,1.93,0.974,0.505,1.451,1.488,0.223,3.046,d3
213,I,0.518,0.851,1.642,0.766,0.217,0.641,1.905,d3
214,T,0.637,0.342,0.538,0.511,0.573,0.449,1.044,d3
215,A,0.198,1.166,5.877,0.651,3.316,0.069,2.278,d3
216,Y,0.726,0,0,0.332,4.59,0.032,0.47,d3
217,K,0.924,0.376,0.407,0.574,0.902,0.342,1.292,d3
218,S,1.076,0.916,0.851,0.982,0.052,0.819,2.385,d3
219,E,1.706,0.184,0.108,0.685,5.199,0.023,1.444,d3
220,G,1.034,0.365,0.353,0.638,1.471,0.225,1.344,d3
221,E,1.075,0.184,0.171,0.474,2.593,0.107,1.036,d3
222,S,2.1,1.102,0.525,1.405,0.745,0.388,3.393,d3
223,A,0.966,0.908,0.94,0.936,0.007,0.934,2.3,d3
224,E,0.448,0,0,0.129,2.502,0.114,0.291,d3
225,F,2.892,0.372,0.129,0.943,5.828,0.016,2.56,d3
226,S,0.186,0.379,2.043,0.282,0.355,0.551,0.819,d3
227,F,0.447,0.174,0.39,0.25,0.413,0.52,0.611,d3
228,P,0.931,0,0,0.522,8.008,0.005,0.603,d3
229,L,1.75,0,0,0.924,11.012,0.001,1.135,d3
230,N,0.45,0.515,1.144,0.487,0.021,0.885,1.241,d3
231,F,2.497,0.565,0.226,1.12,3.925,0.048,2.66,d3
232,A,1.403,1.34,0.955,1.371,0.006,0.939,3.379,d3
233,E,2.028,1.389,0.685,1.626,0.396,0.529,3.875,d3
234,E,0.324,0,0,0.166,2.649,0.104,0.21,d3
235,N,3.289,0.877,0.267,1.336,3.099,0.078,3.748,d3
236,G,0,0.605,Infinity,0.178,4.847,0.028,1.114,d3
237,W,1.594,3.114,1.953,2.511,1.036,0.309,6.772,d3
238,G,1.812,0,0,0.783,12.326,0,1.175,d3
239,E,0.336,0,0,0.117,2.058,0.151,0.218,d3
240,L,0.384,0.435,1.134,0.402,0.01,0.919,1.051,d3
241,M,1.013,1.708,1.685,1.455,0.502,0.479,3.804,d3
242,W,0,0,NaN,0,0,1,0,d3
243,K,0.372,0.977,2.627,0.755,0.746,0.388,2.042,d3
244,A,1.345,0.171,0.127,0.779,5.934,0.015,1.187,d3
245,E,0.334,0.181,0.541,0.227,0.159,0.69,0.55,d3
246,K,1.277,0.927,0.726,1.089,0.172,0.679,2.537,d3
247,D,0.68,0.551,0.811,0.619,0.073,0.787,1.457,d3
248,S,1.289,0.555,0.431,0.89,1.42,0.233,1.859,d3
249,F,0.55,0.366,0.665,0.457,0.199,0.656,1.031,d3
250,F,0.936,1.167,1.246,1.05,0.099,0.753,2.757,d3
251,Q,1.035,1.671,1.615,1.417,0.397,0.528,3.75,d3
252,P,0.272,0.756,2.775,0.552,0.996,0.318,1.57,d3
253,W,4.374,0.242,0.055,0.515,3.956,0.047,3.282,d3
254,I,0.54,0.36,0.666,0.431,0.156,0.693,1.014,d3
255,S,0.508,0.169,0.333,0.309,0.876,0.349,0.642,d3
256,F,1.391,0,0,0.364,7.627,0.006,0.902,d3
257,S,0.399,0.36,0.902,0.377,0.01,0.92,0.921,d3
258,I,1.409,0.938,0.666,1.208,0.303,0.582,2.641,d3
259,K,0.443,0.692,1.563,0.611,0.148,0.7,1.563,d3
260,N,0.851,0,0,0.22,5.131,0.024,0.551,d3
261,K,1.448,0.577,0.399,0.855,1.229,0.268,2.003,d3
262,E,2.638,0.568,0.215,1.082,3.669,0.055,2.757,d3
263,V,0.588,0,0,0.272,3.753,0.053,0.381,d3
264,S,1.489,0.585,0.393,1.006,1.827,0.176,2.044,d3
265,V,1.203,0.746,0.62,0.966,0.374,0.541,2.155,d3
266,Q,0.303,2.061,6.807,1.024,5.299,0.021,3.994,d3
267,K,2.923,1.623,0.555,1.885,0.469,0.494,4.887,d3
268,S,1.57,2.242,1.428,1.841,0.405,0.525,5.149,d3
269,T,0.819,1.122,1.369,0.999,0.149,0.699,2.599,d3
270,K,3.751,1.555,0.415,2.121,1.501,0.22,5.298,d3
271,D,0.38,0.35,0.921,0.357,0.003,0.956,0.891,d3
272,L,0.41,0.381,0.931,0.393,0.004,0.948,0.969,d3
273,K,1.393,0.361,0.259,0.656,2.12,0.145,1.568,d3
274,L,0.767,0.654,0.853,0.705,0.035,0.852,1.703,d3
275,Q,0.626,0.226,0.362,0.338,0.505,0.477,0.823,d3
276,L,0,0.419,Infinity,0.341,0.824,0.364,0.772,d3
277,K,3.564,1.775,0.498,2.438,0.877,0.349,5.581,d3
278,E,0.883,0.365,0.414,0.49,0.604,0.437,1.246,d3
279,T,1.745,1.957,1.121,1.878,0.033,0.856,4.738,d3
280,L,0.993,1.158,1.165,1.083,0.046,0.831,2.777,d3
281,P,2.037,0,0,0.871,14.543,0,1.321,d3
282,L,0.587,0,0,0.306,3.816,0.051,0.38,d3
283,T,1.241,1.714,1.382,1.522,0.167,0.683,3.964,d3
284,L,0.852,0.608,0.714,0.716,0.15,0.699,1.673,d3
285,K,1.017,0.42,0.413,0.667,0.893,0.345,1.433,d3
286,I,0.622,0.22,0.353,0.454,1,0.317,0.808,d3
287,P,0.553,0.54,0.977,0.546,0.001,0.978,1.353,d3
288,Q,0.961,0.687,0.715,0.791,0.146,0.702,1.888,d3
289,V,0.545,0.432,0.792,0.493,0.063,0.802,1.15,d3
290,S,0.951,0.278,0.292,0.669,1.506,0.22,1.129,d3
291,L,1.317,0.615,0.467,1.007,1.302,0.254,1.987,d3
292,Q,1.025,1.402,1.367,1.284,0.105,0.746,3.248,d3
293,F,1.2,0.909,0.758,1.034,0.135,0.714,2.453,d3
294,A,0.881,0,0,0.47,7.379,0.007,0.571,d3
295,G,1.133,0,0,0.587,9.029,0.003,0.735,d3
296,S,0.47,0,0,0.248,3.836,0.05,0.305,d3
297,G,0.325,0,0,0.204,2.771,0.096,0.211,d3
298,N,0,0.325,Infinity,0.22,1.551,0.213,0.598,d3
299,L,0.786,0,0,0.493,4.451,0.035,0.51,d3
300,T,1.518,0,0,0.657,11.472,0.001,0.984,d3
301,L,0.646,0,0,0.438,3.703,0.054,0.419,d3
302,T,0.814,1.138,1.399,0.981,0.21,0.647,2.625,d3
303,L,0.829,0,0,0.483,5.246,0.022,0.538,d3
304,D,0.459,1.343,2.929,0.904,1.832,0.176,2.773,d3
305,K,0.79,0.964,1.22,0.89,0.068,0.794,2.289,d3
306,G,1.697,0.183,0.108,0.901,6.953,0.008,1.437,d3
307,T,1.353,0.961,0.711,1.121,0.257,0.612,2.649,d3
308,L,2.154,0,0,1.132,10.261,0.001,1.397,d3
309,H,0.954,1.46,1.531,1.255,0.345,0.557,3.309,d3
310,Q,0.512,0.217,0.424,0.308,0.357,0.55,0.732,d3
311,E,0.519,0.35,0.676,0.434,0.18,0.671,0.982,d3
312,V,0.962,0,0,0.441,6.019,0.014,0.624,d3
313,N,1.418,0.669,0.472,0.844,0.761,0.383,2.153,d3
314,L,2.606,0,0,1.264,13.396,0,1.69,d3
315,V,1.274,0,0,0.566,7.76,0.005,0.826,d3
316,V,0.613,0,0,0.305,4.05,0.044,0.397,d3
317,M,0,0.311,Infinity,0.303,0.092,0.762,0.573,d3
318,K,0.352,0.845,2.402,0.537,1.057,0.304,1.785,d4
319,V,0.737,0.45,0.61,0.585,0.281,0.596,1.307,d4
320,A,0.584,0.859,1.472,0.719,0.235,0.628,1.962,d4
321,Q,0,0.448,Infinity,0.328,1.17,0.279,0.826,d4
322,L,1.43,3.222,2.253,2.213,2.079,0.149,6.864,d4
323,N,2.397,1.684,0.702,1.891,0.245,0.621,4.657,d4
324,N,1.739,0.889,0.511,1.083,0.692,0.405,2.765,d4
325,T,0,1.009,Infinity,0.526,6.279,0.012,1.859,d4
326,L,1.563,0.305,0.195,1.064,3.133,0.077,1.575,d4
327,T,0.226,0.807,3.58,0.537,1.497,0.221,1.634,d4
328,C,0.713,0,0,0.282,5.437,0.02,0.462,d4
329,E,1.247,0.185,0.149,0.473,2.815,0.093,1.15,d4
330,V,1.211,0,0,0.506,7.159,0.007,0.785,d4
331,M,0.627,2.122,3.385,1.198,1.877,0.171,4.318,d4
332,G,0.608,0,0,0.366,4.982,0.026,0.394,d4
333,P,0.574,0,0,0.267,4.485,0.034,0.372,d4
334,T,0.457,0,0,0.149,3.084,0.079,0.296,d4
335,S,0.815,0,0,0.373,6.044,0.014,0.528,d4
336,P,1.17,0.173,0.148,0.639,4.414,0.036,1.077,d4
337,K,1.111,0.179,0.161,0.463,2.707,0.1,1.051,d4
338,M,0.167,0.217,1.305,0.189,0.035,0.853,0.508,d4
339,R,3.735,2.212,0.592,2.815,0.81,0.368,6.498,d4
340,L,0,0,NaN,0,0,1,0,d4
341,T,1.804,0.482,0.267,0.881,3.005,0.083,2.057,d4
342,L,0.8,0.295,0.368,0.592,0.901,0.343,1.061,d4
343,K,2.382,0.786,0.33,1.242,2.255,0.133,2.993,d4
344,Q,0.759,0.92,1.211,0.816,0.063,0.801,2.187,d4
345,E,1.019,0.591,0.58,0.74,0.39,0.532,1.75,d4
346,N,1.746,0.497,0.284,0.756,1.878,0.171,2.047,d4
347,Q,0,0.472,Infinity,0.289,1.968,0.161,0.87,d4
348,E,1.183,1.421,1.201,1.285,0.061,0.805,3.385,d4
349,A,1.382,0.824,0.596,1.101,0.628,0.428,2.415,d4
350,R,2.268,1.214,0.535,1.472,0.371,0.543,3.707,d4
351,V,0.616,0.209,0.339,0.415,0.992,0.319,0.784,d4
352,S,1.883,0,0,0.935,12.904,0,1.221,d4
353,E,0.37,0.829,2.243,0.68,0.505,0.477,1.768,d4
354,E,0.359,0.715,1.991,0.58,0.346,0.556,1.55,d4
355,Q,1.759,0.597,0.339,0.937,1.658,0.198,2.24,d4
356,K,2.111,0,0,0.524,10.596,0.001,1.369,d4
357,V,1.094,0.698,0.638,0.896,0.345,0.557,1.996,d4
358,V,0.96,0.429,0.446,0.704,0.951,0.33,1.413,d4
359,Q,1.598,1.338,0.837,1.44,0.057,0.811,3.501,d4
360,V,0.102,0.208,2.043,0.173,0.106,0.745,0.45,d4
361,V,0.793,1.779,2.243,1.186,1.001,0.317,3.792,d4
362,A,1.549,1.303,0.841,1.388,0.062,0.804,3.405,d4
363,P,0.953,0.175,0.184,0.588,3.373,0.066,0.941,d4
364,E,3.452,0.184,0.053,0.817,8.603,0.003,2.577,d4
365,T,2.059,0.353,0.171,1.213,7.074,0.008,1.986,d4
366,G,0.663,0,0,0.287,4.82,0.028,0.43,d4
367,L,0,2.252,Infinity,1.668,2.925,0.087,4.15,d4
368,W,0,0,NaN,0,0,1,0,d4
369,Q,1.825,1.247,0.684,1.432,0.249,0.618,3.482,d4
370,C,0.479,0,0,0.19,3.672,0.055,0.311,d4
371,L,0.864,1.745,2.02,1.07,1.252,0.263,3.776,d4
372,L,0.263,0,0,0.178,1.521,0.217,0.17,d4
373,S,1.213,0.33,0.272,0.676,2.59,0.108,1.394,d4
374,E,0.633,0.172,0.271,0.333,1.159,0.282,0.728,d4
375,G,3.291,1.696,0.515,2.239,1.086,0.297,5.259,d4
376,D,1.533,1.443,0.941,1.475,0.008,0.93,3.653,d4
377,K,0.533,0.909,1.705,0.714,0.313,0.576,2.022,d4
378,V,0,0.899,Infinity,0.463,3.403,0.065,1.656,d4
379,K,0.43,0.991,2.305,0.64,1.048,0.306,2.105,d4
380,M,0.984,0.662,0.672,0.827,0.27,0.603,1.858,d4
381,D,0.825,0.613,0.743,0.71,0.129,0.72,1.664,d4
382,S,0.56,0.369,0.659,0.463,0.207,0.649,1.044,d4
383,R,2.149,1.212,0.564,1.466,0.582,0.445,3.627,d4
384,I,1.717,1.592,0.927,1.642,0.013,0.911,4.048,d4
385,Q,2.514,0.868,0.345,1.264,1.67,0.196,3.229,d4
386,V,0.547,0.223,0.408,0.4,0.666,0.414,0.766,d4
387,L,0.961,1.339,1.393,1.102,0.217,0.641,3.091,d4
388,S,1.194,0.58,0.486,0.875,1.031,0.31,1.843,d4
389,R,0.582,0.788,1.355,0.658,0.182,0.67,1.829,d4
390,G,0.543,0.806,1.485,0.712,0.172,0.679,1.837,d4
391,V,0.681,2.66,3.903,1.737,2.403,0.121,5.344,d4
392,N,1.346,1.246,0.926,1.287,0.013,0.909,3.169,d4
393,Q,1.169,0.217,0.186,0.463,1.873,0.171,1.157,d4
394,T,0.965,0.92,0.953,0.94,0.004,0.952,2.32,d4
395,V,0.827,0.502,0.607,0.536,0.105,0.746,1.462,d4
396,F,1.274,0.775,0.608,0.992,0.499,0.48,2.255,TMD
397,L,0.575,0,0,0.375,3.264,0.071,0.373,TMD
398,A,1.184,0.201,0.17,0.695,3.69,0.055,1.138,TMD
399,C,3.077,1.907,0.62,2.437,0.63,0.427,5.51,TMD
400,V,0.698,0.212,0.304,0.441,1.185,0.276,0.844,TMD
401,L,0.34,0,0,0.218,1.909,0.167,0.22,TMD
402,G,2.28,0,0,0.805,13.989,0,1.478,TMD
403,G,1.963,0.177,0.09,0.898,8.026,0.005,1.598,TMD
404,S,1.036,1.472,1.421,1.27,0.281,0.596,3.384,TMD
405,F,2.54,0.882,0.347,1.661,2.982,0.084,3.272,TMD
406,G,0.454,0.349,0.769,0.394,0.066,0.797,0.937,TMD
407,F,1.75,0.363,0.207,1.02,4.532,0.033,1.804,TMD
408,L,0.579,0,0,0.375,3.272,0.07,0.375,TMD
409,G,0.919,2.174,2.365,1.44,2.059,0.151,4.603,TMD
410,F,0,0.56,Infinity,0.346,2.878,0.09,1.031,TMD
411,L,0.783,1.671,2.135,1.175,1.343,0.247,3.588,TMD
412,G,2.058,0,0,0.701,12.556,0,1.334,TMD
413,L,0.722,0,0,0.331,4.412,0.036,0.468,TMD
414,C,0.336,0.165,0.489,0.218,0.233,0.629,0.521,TMD
415,I,0.633,0,0,0.179,3.728,0.054,0.41,TMD
416,L,0.707,0.198,0.28,0.378,1.121,0.29,0.823,TMD
417,C,1.101,0.508,0.461,0.647,0.629,0.428,1.651,TMD
418,C,0.446,0,0,0.184,3.494,0.062,0.289,ICD
419,V,0.546,0.208,0.381,0.388,0.772,0.38,0.738,ICD
420,R,1.612,0.786,0.488,1.122,1.056,0.304,2.494,ICD
421,C,1.599,0.167,0.105,0.561,4.938,0.026,1.345,ICD
422,R,1.382,0,0,0.618,7.863,0.005,0.896,ICD
423,H,0.447,0.163,0.365,0.238,0.473,0.492,0.59,ICD
424,Q,1.266,0.47,0.371,0.914,1.63,0.202,1.687,ICD
425,Q,0.375,0.425,1.133,0.399,0.015,0.903,1.027,ICD
426,R,0.372,0,0,0.179,2.895,0.089,0.241,ICD
427,Q,1.191,0.221,0.186,0.619,2.694,0.101,1.18,ICD
428,A,0.209,0,0,0.129,1.927,0.165,0.136,ICD
429,A,1.779,1.01,0.568,1.262,0.626,0.429,3.015,ICD
430,R,0.483,0,0,0.267,3.433,0.064,0.313,ICD
431,M,0,0.15,Infinity,0.146,0.055,0.814,0.277,ICD
432,S,0.14,0,0,0.077,1.181,0.277,0.091,ICD
433,Q,0.415,0,0,0.141,2.086,0.149,0.269,ICD
434,I,0,0,NaN,0,0,1,0,ICD
435,K,0.793,0.179,0.226,0.364,1.481,0.224,0.845,ICD
436,R,1.006,0,0,0.511,7.784,0.005,0.652,ICD
437,L,0.561,0,0,0.294,3.788,0.052,0.364,ICD
438,L,0.958,0,0,0.498,6.226,0.013,0.621,ICD
439,S,0.453,0,0,0.175,3.747,0.053,0.293,ICD
440,E,0.868,0,0,0.25,4.663,0.031,0.562,ICD
441,K,0.338,0,0,0.115,2.111,0.146,0.219,ICD
442,K,1.442,0,0,0.371,7.333,0.007,0.935,ICD
443,T,1.356,0,0,0.566,10.05,0.002,0.879,ICD
444,C,0,0,NaN,0,0,1,0,ICD
445,Q,2.583,0,0,0.592,9.459,0.002,1.675,ICD
446,C,3.324,0,0,0.565,13.613,0,2.155,ICD
447,P,0.826,0.799,0.966,0.812,0.002,0.962,2.008,ICD
448,H,1.607,0,0,0.37,8.729,0.003,1.042,ICD
449,R,1.117,0,0,0.561,7.365,0.007,0.724,ICD
450,M,2.203,0.638,0.29,1.144,2.624,0.105,2.604,ICD
451,Q,1.22,0.83,0.68,0.946,0.141,0.707,2.32,ICD
452,K,1.213,0.37,0.305,0.562,1.207,0.272,1.469,ICD
453,S,1.379,0.349,0.253,0.839,3.383,0.066,1.537,ICD
454,H,3.665,1.242,0.339,2.102,2.19,0.139,4.665,ICD
455,N,1.962,0.706,0.36,1.105,2.083,0.149,2.572,ICD
456,L,0.474,1.137,2.397,0.812,1.147,0.284,2.402,ICD
457,I,2.224,0.544,0.245,1.178,4.115,0.043,2.444,ICD